{
    "$schema": "http://json-schema.org/draft-04/schema#",
    "id": "http://www.bluetooth.com/specifications/assigned-numbers/mesh-profile/cdb-schema.json#",
    "version": "1.0.0",
    "title": "Mesh Configuration Database",
    "description": "A representation of the Mesh network to allow provisioning and/or configuration roles to be distributed between devices",
    "type": "object",
    "definitions": {
        "unicastAddress": {
            "type": "string",
            "name": "hexadecimal unicast address",
            "pattern": "^(([1-7][0-9a-fA-F]{3})|([0-7][1-9a-fA-F][0-9a-fA-F]{2})|([0-7][0-9a-fA-F][1-9a-fA-F][0-9a-fA-F])|([0-7][0-9a-fA-F][0-9a-fA-F][1-9a-fA-F]))$"
        },
        "timestamp": {
            "type": "string",
            "format": "date-time"
        },
        "credentials": {
            "type": "integer",
            "minimum": 0,
            "maximum": 1
        },
        "ttl": {
            "type": "integer",
            "minimum": 0,
            "maximum": 127
        },
        "ttlDefault": {
            "type": "integer",
            "minimum": 255,
            "maximum": 255
        },
        "featureState": {
            "type": "integer",
            "enum": [
                0,
                1,
                2
            ]
        },
        "publish": {
            "type": "object",
            "properties": {
                "address": {
                    "$ref": "#/definitions/anyAddress"
                },
                "index": {
                    "$ref": "#/definitions/keyIndex"
                },
                "ttl": {
                    "oneOf": [
                        {
                            "$ref": "#/definitions/ttl"
                        },
                        {
                            "$ref": "#/definitions/ttlDefault"
                        }
                    ]
                },
                "period": {
                    "type": "object",
                    "properties": {
                        "numberOfSteps": {
                            "type": "integer",
                            "minimum": 0,
                            "maximum": 63
                        },
                        "resolution": {
                            "type": "integer",
                            "enum": [
                                100,
                                1000,
                                10000,
                                600000
                            ]
                        }
                    }
                },
                "retransmit": {
                    "type": "object",
                    "properties": {
                        "count": {
                            "type": "integer",
                            "minimum": 0,
                            "maximum": 7
                        },
                        "interval": {
                            "type": "integer",
                            "enum": [
                                50,
                                100,
                                150,
                                200,
                                250,
                                300,
                                350,
                                400,
                                450,
                                500,
                                550,
                                600,
                                650,
                                700,
                                750,
                                800,
                                850,
                                900,
                                950,
                                1000,
                                1050,
                                1100,
                                1150,
                                1200,
                                1250,
                                1300,
                                1350,
                                1400,
                                1450,
                                1500,
                                1550,
                                1600
                            ]
                        }
                    },
                    "required": [
                        "count",
                        "interval"
                    ],
                    "additionalProperties": false
                },
                "credentials": {
                    "$ref": "#/definitions/credentials"
                }
            },
            "required": [
                "address",
                "index",
                "ttl",
                "period",
                "retransmit",
                "credentials"
            ],
            "additionalProperties": false
        },
        "subscribe": {
            "type": "array",
            "items": {
                "$ref": "#/definitions/anyAddress"
            },
            "minItems": 0
        },
        "bind": {
            "type": "array",
            "items": {
                "$ref": "#/definitions/keyIndex"
            },
            "minItems": 0
        },
        "modelId": {
            "oneOf": [
                {
                    "type": "string",
                    "pattern": "^[0-9a-fA-F]{4}$"
                },
                {
                    "type": "string",
                    "pattern": "^[0-9a-fA-F]{8}$"
                }
            ]
        },
        "identifier": {
            "type": "string",
            "pattern": "^[0-9a-fA-F]{4}$"
        },
        "group": {
            "type": "object",
            "properties": {
                "name": {
                    "type": "string"
                },
                "address": {
                    "$ref": "#/definitions/groupAddressOrLabelUUID"
                },
                "parentAddress": {
                    "$ref": "#/definitions/parentAddress"
                }
            },
            "required": [
                "name",
                "address",
                "parentAddress"
            ],
            "additionalProperties": false
        },
        "UUID": {
            "type": "string",
            "name": "hexadecimal UUID",
            "pattern": "^[0-9a-fA-F]{32}$"
        },
        "standardUUID": {
            "type": "string",
            "name": "UUID",
            "pattern": "^[0-9a-fA-F]{8}-[0-9a-fA-F]{4}-[0-9a-fA-F]{4}-[0-9a-fA-F]{4}-[0-9a-fA-F]{12}$"
        },
        "anyAddress": {
            "oneOf": [
                {
                    "$ref": "#/definitions/unicastAddress"
                },
                {
                    "$ref": "#/definitions/groupAddress"
                },
                {
                    "$ref": "#/definitions/UUID"
                }
            ]
        },
        "keyIndex": {
            "type": "integer",
            "minimum": 0,
            "maximum": 4095
        },
        "elementIndex": {
            "type": "integer",
            "minimum": 0,
            "maximum": 255
        },
        "appKey": {
            "type": "object",
            "properties": {
                "name": {
                    "type": "string"
                },
                "index": {
                    "$ref": "#/definitions/keyIndex"
                },
                "boundNetKey": {
                    "$ref": "#/definitions/keyIndex"
                },
                "key": {
                    "$ref": "#/definitions/key"
                },
                "oldKey": {
                    "$ref": "#/definitions/key"
                }
            },
            "required": [
                "name",
                "index",
                "key",
                "boundNetKey"
            ],
            "additionalProperties": false
        },
        "nodeKey": {
            "type": "object",
            "properties": {
                "index": {
                    "$ref": "#/definitions/keyIndex"
                },
                "updated": {
                    "type": "boolean"
                }
            },
            "required": [
                "index",
                "updated"
            ],
            "additionalProperties": false
        },
        "element": {
            "type": "object",
            "properties": {
                "index": {
                    "$ref": "#/definitions/elementIndex"
                },
                "location": {
                    "$ref": "#/definitions/identifier"
                },
                "name": {
                    "type": "string"
                },
                "models": {
                    "type": "array",
                    "items": {
                        "$ref": "#/definitions/model"
                    },
                    "minItems": 1
                }
            },
            "required": [
                "index",
                "location",
                "models"
            ],
            "additionalProperties": false
        },
        "model": {
            "type": "object",
            "properties": {
                "modelId": {
                    "$ref": "#/definitions/modelId"
                },
                "subscribe": {
                    "type": "array",
                    "items": {
                        "$ref": "#/definitions/anyAddress"
                    },
                    "minItems": 0
                },
                "publish": {
                    "$ref": "#/definitions/publish"
                },
                "bind": {
                    "$ref": "#/definitions/bind"
                }
            },
            "required": [
                "modelId",
                "subscribe",
                "bind"
            ],
            "additionalProperties": false
        },
        "groupAddress": {
            "type": "string",
            "name": "hexadecimal group address",
            "pattern": "^[c-fC-F][0-9a-fA-F]{3}$"
        },
        "groupAddressOrLabelUUID": {
            "oneOf": [
                {
                    "$ref": "#/definitions/groupAddress"
                },
                {
                    "$ref": "#/definitions/UUID"
                }
            ]
        },
        "unassignedAddress": {
            "type": "string",
            "enum": [
                "0000"
            ]
        },
        "parentAddress": {
            "anyOf": [
                {
                    "$ref": "#/definitions/groupAddressOrLabelUUID"
                },
                {
                    "$ref": "#/definitions/unassignedAddress"
                }
            ]
        },
        "key": {
            "type": "string",
            "name": "key",
            "pattern": "^[0-9a-fA-F]{32}$"
        },
        "keyRefreshPhase": {
            "type": "integer",
            "minimum": 0,
            "maximum": 2
        },
        "securityLevel": {
            "type": "string",
            "enum": [
                "insecure",
                "secure"
            ]
        },
        "netKey": {
            "type": "object",
            "properties": {
                "name": {
                    "type": "string"
                },
                "index": {
                    "$ref": "#/definitions/keyIndex"
                },
                "key": {
                    "$ref": "#/definitions/key"
                },
                "oldKey": {
                    "$ref": "#/definitions/key"
                },
                "minSecurity": {
                    "ref": "#definitions/securityLevel"
                },
                "phase": {
                    "$ref": "#/definitions/keyRefreshPhase"
                },
                "timestamp": {
                    "$ref": "#/definitions/timestamp"
                }
            },
            "required": [
                "name",
                "index",
                "phase",
                "key",
                "minSecurity"
            ],
            "additionalProperties": false
        },
        "networkRetransmit": {
            "type": "object",
            "properties": {
                "count": {
                    "type": "integer",
                    "minimum": 0,
                    "maximum": 7
                },
                "interval": {
                    "type": "integer",
                    "enum": [
                        10,
                        20,
                        30,
                        40,
                        50,
                        60,
                        70,
                        80,
                        90,
                        100,
                        110,
                        120,
                        130,
                        140,
                        150,
                        160,
                        170,
                        180,
                        190,
                        200,
                        210,
                        220,
                        230,
                        240,
                        250,
                        260,
                        270,
                        280,
                        290,
                        300,
                        310
                    ]
                }
            },
            "required": [
                "count",
                "interval"
            ],
            "additionalProperties": false
        },
        "heartbeatPeriod": {
            "type": "integer",
            "enum": [
                0,
                1,
                2,
                4,
                8,
                16,
                32,
                64,
                128,
                256,
                512,
                1024,
                2048,
                4096,
                8192,
                16384,
                32768,
                65536
            ]
        },
        "heartbeatPublication": {
            "type": "object",
            "properties": {
                "address": {
                    "oneOf": [
                        {
                            "$ref": "#/definitions/unicastAddress"
                        },
                        {
                            "$ref": "#/definitions/groupAddress"
                        }
                    ]
                },
                "period": {
                    "$ref": "#/definitions/heartbeatPeriod"
                },
                "ttl": {
                    "$ref": "#/definitions/ttl"
                },
                "index": {
                    "$ref": "#/definitions/keyIndex"
                },
                "features": {
                    "type": "array",
                    "items": {
                        "type": "string",
                        "enum": [
                            "relay",
                            "proxy",
                            "friend",
                            "lowPower"
                        ]
                    },
                    "minItems": 0
                }
            },
            "required": [
                "address",
                "period",
                "ttl",
                "index",
                "features"
            ],
            "additionalProperties": false
        },
        "heartbeatSubscription": {
            "type": "object",
            "properties": {
                "source": {
                    "$ref": "#/definitions/unicastAddress"
                },
                "destination": {
                    "oneOf": [
                        {
                            "$ref": "#/definitions/unicastAddress"
                        },
                        {
                            "$ref": "#/definitions/groupAddress"
                        }
                    ]
                }
            },
            "required": [
                "source",
                "destination"
            ],
            "additionalProperties": false
        },
        "node": {
            "type": "object",
            "properties": {
                "UUID": {
                    "$ref": "#/definitions/standardUUID"
                },
                "name": {
                    "type": "string"
                },
                "unicastAddress": {
                    "$ref": "#/definitions/unicastAddress"
                },
                "security": {
                    "$ref": "#/definitions/securityLevel"
                },
                "deviceKey": {
                    "$ref": "#/definitions/key"
                },
                "cid": {
                    "$ref": "#/definitions/identifier"
                },
                "vid": {
                    "$ref": "#/definitions/identifier"
                },
                "pid": {
                    "$ref": "#/definitions/identifier"
                },
                "crpl": {
                    "$ref": "#/definitions/identifier"
                },
                "features": {
                    "type": "object",
                    "properties": {
                        "relay": {
                            "$ref": "#/definitions/featureState"
                        },
                        "proxy": {
                            "$ref": "#/definitions/featureState"
                        },
                        "friend": {
                            "$ref": "#/definitions/featureState"
                        },
                        "lowPower": {
                            "$ref": "#/definitions/featureState"
                        }
                    },
                    "anyOf": [
                        {
                            "required": [
                                "relay"
                            ]
                        },
                        {
                            "required": [
                                "proxy"
                            ]
                        },
                        {
                            "required": [
                                "friend"
                            ]
                        },
                        {
                            "required": [
                                "lowPower"
                            ]
                        }
                    ],
                    "additionalProperties": false
                },
                "elements": {
                    "type": "array",
                    "items": {
                        "$ref": "#/definitions/element"
                    },
                    "minItems": 1
                },
                "configComplete": {
                    "type": "boolean"
                },
                "netKeys": {
                    "type": "array",
                    "items": {
                        "$ref": "#/definitions/nodeKey"
                    },
                    "minItems": 1
                },
                "appKeys": {
                    "type": "array",
                    "items": {
                        "$ref": "#/definitions/nodeKey"
                    },
                    "minItems": 0
                },
                "secureNetworkBeacon": {
                    "type": "boolean"
                },
                "defaultTTL": {
                    "$ref": "#/definitions/ttl"
                },
                "networkTransmit": {
                    "$ref": "#/definitions/networkRetransmit"
                },
                "relayRetransmit": {
                    "$ref": "#/definitions/networkRetransmit"
                },
                "excluded": {
                    "type": "boolean"
                },
                "heartbeatPub": {
                    "$ref": "#/definitions/heartbeatPublication"
                },
                "heartbeatSub": {
                    "$ref": "#/definitions/heartbeatSubscription"
                }
            },
            "required": [
                "UUID",
                "unicastAddress",
                "security",
                "netKeys",
                "appKeys",
                "elements",
                "configComplete",
                "excluded"
            ],
            "additionalProperties": false
        },
        "provisioner": {
            "type": "object",
            "properties": {
                "provisionerName": {
                    "type": "string"
                },
                "UUID": {
                    "$ref": "#/definitions/standardUUID"
                },
                "allocatedGroupRange": {
                    "type": "array",
                    "items": {
                        "type": "object",
                        "properties": {
                            "highAddress": {
                                "$ref": "#/definitions/groupAddress"
                            },
                            "lowAddress": {
                                "$ref": "#/definitions/groupAddress"
                            }
                        },
                        "required": [
                            "lowAddress",
                            "highAddress"
                        ],
                        "additionalProperties": false
                    },
                    "minItems": 1
                },
                "allocatedUnicastRange": {
                    "type": "array",
                    "items": {
                        "type": "object",
                        "properties": {
                            "highAddress": {
                                "$ref": "#/definitions/unicastAddress"
                            },
                            "lowAddress": {
                                "$ref": "#/definitions/unicastAddress"
                            }
                        },
                        "required": [
                            "lowAddress",
                            "highAddress"
                        ],
                        "additionalProperties": false
                    },
                    "minItems": 1
                },
                "allocatedSceneRange": {
                    "type": "array",
                    "items": {
                        "type": "object",
                        "properties": {
                            "firstScene": {
                                "$ref": "#/definitions/identifier"
                            },
                            "lastScene": {
                                "$ref": "#/definitions/identifier"
                            }
                        },
                        "required": [
                            "firstScene",
                            "lastScene"
                        ],
                        "additionalProperties": false
                    },
                    "minItems": 0
                }
            },
            "required": [
                "provisionerName",
                "UUID",
                "allocatedUnicastRange",
                "allocatedGroupRange",
                "allocatedSceneRange"
            ],
            "additionalProperties": false
        },
        "scene": {
            "type": "object",
            "properties": {
                "name": {
                    "type": "string"
                },
                "addresses": {
                    "type": "array",
                    "items": {
                        "$ref": "#/definitions/unicastAddress"
                    },
                    "minItems": 0
                },
                "number": {
                    "$ref": "#/definitions/identifier"
                }
            },
            "required": [
                "name",
                "addresses",
                "number"
            ],
            "additionalProperties": false
        },
        "exclusionList": {
            "type": "object",
            "properties": {
                "ivIndex": {
                    "type": "integer"
                },
                "addresses": {
                    "type": "array",
                    "items": {
                        "$ref": "#/definitions/unicastAddress"
                    },
                    "minItems": 1
                }
            },
            "required": [
                "ivIndex",
                "addresses"
            ],
            "additionalProperties": false
        }
    },
    "properties": {
        "$schema": {
            "type": "string"
        },
        "id": {
            "type": "string"
        },
        "version": {
            "type": "string"
        },
        "meshName": {
            "type": "string"
        },
        "meshUUID": {
            "$ref": "#/definitions/standardUUID"
        },
        "timestamp": {
            "$ref": "#/definitions/timestamp"
        },
        "netKeys": {
            "type": "array",
            "items": {
                "$ref": "#/definitions/netKey"
            },
            "minItems": 1
        },
        "appKeys": {
            "type": "array",
            "items": {
                "$ref": "#/definitions/appKey"
            },
            "minItems": 0
        },
        "provisioners": {
            "type": "array",
            "items": {
                "$ref": "#/definitions/provisioner"
            },
            "minItems": 1
        },
        "nodes": {
            "type": "array",
            "items": {
                "$ref": "#/definitions/node"
            },
            "minItems": 0
        },
        "groups": {
            "type": "array",
            "items": {
                "$ref": "#/definitions/group"
            },
            "minItems": 0
        },
        "scenes": {
            "type": "array",
            "items": {
                "$ref": "#/definitions/scene"
            },
            "minItems": 0
        },
        "networkExclusions": {
            "type": "array",
            "items": {
                "$ref": "#/definitions/exclusionList"
            },
            "minItems": 0
        },
        "partial": {
            "type": "boolean"
        }
    },
    "required": [
        "$schema",
        "id",
        "version",
        "meshName",
        "meshUUID",
        "timestamp",
        "provisioners",
        "netKeys",
        "appKeys",
        "nodes",
        "groups",
        "scenes",
        "partial"
    ],
    "additionalProperties": false
}
